,accuracy,precision,recall,f1
0,0.9896566901408451,1.0,0.0784313725490196,0.14545454545454545
