,accuracy,precision,recall,f1
0,0.9884072580645161,1.0,0.17117117117117117,0.2923076923076923
