,accuracy,precision,recall,f1
0,0.9910714285714286,1.0,0.10588235294117647,0.19148936170212766
